Position, Company, Location, URL
미래 인재 DB[신입]의 전체 세부 정보,현대자동차그룹,대한민국,https://kr.indeed.com/rc/clk?jk=48887cfdd68e6335&fccid=980d6ecc399a3373&vjs=3
라인프렌즈 2022년 각 부문 수시의 전체 세부 정보,라인프렌즈,서울 용산구,https://kr.indeed.com/rc/clk?jk=1015284880e2ff62&fccid=b6f22bcb6078a2c4&vjs=3
[신입]백엔드 개발자의 전체 세부 정보,엘리스,서울 강남구,https://kr.indeed.com/rc/clk?jk=6b5d1196de52155f&fccid=b00d4b329a5fe2ac&vjs=3
Murex Collateral Workflow Resource의 전체 세부 정보,Luxoft,대한민국,https://kr.indeed.com/rc/clk?jk=7c1ec9e242cd20b5&fccid=4b841d912d46e4fd&vjs=3
Associate Consultant Intern의 전체 세부 정보,Mastercard,서울,https://kr.indeed.com/rc/clk?jk=acf53a07a0c4d06f&fccid=10b5c722d846df43&vjs=3
[신입] 미래 인재 DB의 전체 세부 정보,현대오토에버,서울,https://kr.indeed.com/rc/clk?jk=f89ef616bab9050d&fccid=d5a22a3e93377742&vjs=3
ESG Research Intern의 전체 세부 정보,MSCI Inc,서울,https://kr.indeed.com/rc/clk?jk=a18a5474042a4ed0&fccid=c1f583e22ebf0f6e&vjs=3
풀스택 개발자 (python  javascript  php  gis)의 전체 세부 정보,한국해양기상기술,서울 구로구,https://kr.indeed.com/rc/clk?jk=0efbb31d10aed4bd&fccid=9a116f00e73f6791&vjs=3
백엔드 엔지니어 (Python/Javascript)의 전체 세부 정보,시스메틱,서울 영등포구,https://kr.indeed.com/rc/clk?jk=dc4b5e342e7ae6a0&fccid=6cc748c560420a2e&vjs=3
[ICT] Data Scientist - 자연어처리[매니저]의 전체 세부 정보,현대자동차그룹,대한민국,https://kr.indeed.com/rc/clk?jk=cf99a4662ad1c936&fccid=980d6ecc399a3373&vjs=3
Machine Learning Engineer Intern - Korea의 전체 세부 정보,MOLOCO,서울,https://kr.indeed.com/rc/clk?jk=69d3cc2cca262747&fccid=27317bcae2b26fe5&vjs=3
C#  소프트웨어 or Python 기반 응용 S/W 개발 신입/경력의 전체 세부 정보,제스엔지니어링,서울 금천구,https://kr.indeed.com/rc/clk?jk=de447d257e25bd93&fccid=0f2f8141103a3f4e&vjs=3
Junior DevOps Engineer의 전체 세부 정보,Luxoft,서울,https://kr.indeed.com/rc/clk?jk=ba094996c8fd11b0&fccid=4b841d912d46e4fd&vjs=3
Software Engineer  Intern  Corp Engineering의 전체 세부 정보,버킷플레이스,서울 서초구,https://kr.indeed.com/rc/clk?jk=9b49ccc76af9c633&fccid=b55bf4f67c7fe92c&vjs=3
Data Scientist (Data Analytics)의 전체 세부 정보,IBM,서울,https://kr.indeed.com/rc/clk?jk=7d7720e74f0a13a3&fccid=de71a49b535e21cb&vjs=3
Lighthouse 인턴 채용의 전체 세부 정보,삼정 KPMG,서울 강남구,https://kr.indeed.com/rc/clk?jk=577dd792f6217346&fccid=7651bf7c7525e8f6&vjs=3
Python Programmer의 전체 세부 정보,Mofac,서울 서초구,https://kr.indeed.com/rc/clk?jk=df21e3bb5d773616&fccid=6cddb172d498d15c&vjs=3
Software Engineer - Python and K8s의 전체 세부 정보,Canonical - Jobs,서울,https://kr.indeed.com/rc/clk?jk=9e154b5b00d09b31&fccid=3911cf63fc0692f4&vjs=3
[산업기능요원/보충역] 데이터 분석가의 전체 세부 정보,게임듀오,서울 마포구,https://kr.indeed.com/rc/clk?jk=7d5382f48286a360&fccid=6926ada26f6a3047&vjs=3
[외국계 스타트업 미소] Business Analyst Intern (정규직 전환형)의 전체 세부 정보,유한회사 미소,서울,https://kr.indeed.com/rc/clk?jk=4c25d6649f8434a8&fccid=02936474a8d39137&vjs=3
AI분야 경력직의 전체 세부 정보,SK에코플랜트,서울 종로구,https://kr.indeed.com/rc/clk?jk=fd006fbd9b1c4588&fccid=f54fcd41cb25beae&vjs=3
Software Engineer  People with Disabilities (장애인 채용)의 전체 세부 정보,Google,서울,https://kr.indeed.com/rc/clk?jk=ac64fda2e281b835&fccid=a5b4499d9e91a5c6&vjs=3
빅데이터  데이터분석 외 신입/경력 인턴의 전체 세부 정보,레드테이블,서울 중구,https://kr.indeed.com/rc/clk?jk=4ccea14b4d592c8b&fccid=ace798f3c93e0fc7&vjs=3
Data Scientist의 전체 세부 정보,한국아이비엠,서울 영등포구,https://kr.indeed.com/rc/clk?jk=55d24724e542048c&fccid=6a140d57f361e18b&vjs=3
Machine Learning Engineer  Personalization의 전체 세부 정보,야놀자,서울 강남구,https://kr.indeed.com/rc/clk?jk=8ff34fcd9f97a0a8&fccid=73fe623ec23ed0a5&vjs=3
기술 인턴 인공지능 응용 연구/개발 인턴의 전체 세부 정보,써로마인드로보틱스,서울 관악구,https://kr.indeed.com/rc/clk?jk=71c47ac87bb4087e&fccid=230e414668234579&vjs=3
Student Training in Engineering Program (STEP) 2022  People with Disabilities (장애인 채용)의 전체 세부 정보,Google,대한민국,https://kr.indeed.com/rc/clk?jk=f8fe6fe8d5e8f401&fccid=a5b4499d9e91a5c6&vjs=3
Junior Data Scientist의 전체 세부 정보,Logistics Management Institute,서울,https://kr.indeed.com/rc/clk?jk=ffcab40699b79c6b&fccid=12626f295bf6a003&vjs=3
현대모비스 채용연계형 SW아카데미 2기 교육생 모집[신입/ 경력]의 전체 세부 정보,현대자동차그룹,대한민국,https://kr.indeed.com/rc/clk?jk=c8f166e4f69b253a&fccid=980d6ecc399a3373&vjs=3
파이썬(python) 백엔드 개발자 (전문연구요원 가능)의 전체 세부 정보,아토머스,서울 강남구,https://kr.indeed.com/rc/clk?jk=240326a26bd13bf2&fccid=660bbb21789ab63d&vjs=3
호텔 / 여행 / 여행IT 직군 12월 공개의 전체 세부 정보,교원그룹,서울특별시,https://kr.indeed.com/rc/clk?jk=70c3a3c4efeaccdd&fccid=dd616958bd9ddc12&vjs=3
パートナー テクノロジー マネージャー、YouTube Music(英語、韓国語)의 전체 세부 정보,YouTube,서울,https://kr.indeed.com/rc/clk?jk=528f8b1950e79383&fccid=a9021c35fcef6968&vjs=3
AI 데이터 분석 기반의 디지털 마케팅 전문가의 전체 세부 정보,에스케이텔레콤,서울 중구,https://kr.indeed.com/rc/clk?jk=9f612630a7cf1bfd&fccid=ce2f0f28b40a5be8&vjs=3
[데브시스터즈] DevOps Engineer (신입)의 전체 세부 정보,데브시스터즈,서울 강남구,https://kr.indeed.com/rc/clk?jk=3058f7280a2e6644&fccid=58a9a803698a0afd&vjs=3
Software Engineer (Junior  Embedded)의 전체 세부 정보,BOEING,서울,https://kr.indeed.com/rc/clk?jk=a3decfd5d0ec6159&fccid=edae4285faf6c2f0&vjs=3
IT인프라 운영/관리 경력 채용의 전체 세부 정보,한화그룹,서울,https://kr.indeed.com/rc/clk?jk=f286252f2d030f7b&fccid=bd0dc1817223394f&vjs=3
OpenCV/MATLAB/TensorFlow/Python/C/C++/Linux 알고리즘 엔지니어의 전체 세부 정보,더마미러,서울 서초구,https://kr.indeed.com/rc/clk?jk=4121d39504f34871&fccid=f401a9b533c97602&vjs=3
Cloud Engineer의 전체 세부 정보,여기어때컴퍼니,서울 강남구,https://kr.indeed.com/rc/clk?jk=ebb3aa8dafe6539b&fccid=f37025d91bdbf80c&vjs=3
[올라핀테크] 핀테크 플랫폼 Python(파이썬) 개발자의 전체 세부 정보,주식회사 올라핀테크 관심기업,서울 논현동,https://kr.indeed.com/rc/clk?jk=83afc0063130f3f2&fccid=ee9199e84b45d22f&vjs=3
GAMMA Data Scientist의 전체 세부 정보,Boston Consulting Group,서울,https://kr.indeed.com/rc/clk?jk=454b092c4e6301f5&fccid=b95f9eb47968fa13&vjs=3
[KIS자산평가] 각 부문별 신입/경력의 전체 세부 정보,키스채권평가,서울 영등포구,https://kr.indeed.com/rc/clk?jk=549db92283f5bc92&fccid=d800410af2a4e78e&vjs=3
Software Engineer  Back-end - F&B 솔루션(Python)의 전체 세부 정보,야놀자,서울 강남구,https://kr.indeed.com/rc/clk?jk=df47669a72ea29f2&fccid=73fe623ec23ed0a5&vjs=3
머신러닝(Machine Learning) 엔지니어 - 미국계 기업의 전체 세부 정보,에스에프인촌,서울 서초구,https://kr.indeed.com/rc/clk?jk=8d5e0857ca1a9040&fccid=629bf66c8ed71fe3&vjs=3
데이터베이스개발자  웹개발 신입/경력 정규직의 전체 세부 정보,여의도사람들,서울 영등포구,https://kr.indeed.com/rc/clk?jk=e91b5984e7f5d3fd&fccid=298f56956b7c691f&vjs=3
항공기 가스터빈엔진 분야별 R&D 경력직 채용의 전체 세부 정보,한화그룹,서울,https://kr.indeed.com/rc/clk?jk=d558d0eef71bb4e6&fccid=bd0dc1817223394f&vjs=3
항공기 가스터빈엔진 분야별 R&D 경력직 채용의 전체 세부 정보,한화그룹,서울,https://kr.indeed.com/rc/clk?jk=d558d0eef71bb4e6&fccid=bd0dc1817223394f&vjs=3
데이터베이스개발자  웹개발 신입/경력 정규직의 전체 세부 정보,여의도사람들,서울 영등포구,https://kr.indeed.com/rc/clk?jk=e91b5984e7f5d3fd&fccid=298f56956b7c691f&vjs=3
[포티투마루] 인공지능(AI) 개발자 전 부문의 전체 세부 정보,포티투마루,서울 서초구,https://kr.indeed.com/rc/clk?jk=22ffe020e40de675&fccid=b6cebf2e7d619f07&vjs=3
S/W 개발자(신입) (C# / Python 등)의 전체 세부 정보,아디아랩,부산 해운대구,https://kr.indeed.com/rc/clk?jk=9318aabcacb1323d&fccid=0f73b8e9c6b3277f&vjs=3
(Seoul) AI Researcher · AutoML의 전체 세부 정보,루닛,서울 강남구,https://kr.indeed.com/rc/clk?jk=dafea88352c65385&fccid=6d18d2033ad0f4df&vjs=3
Node.js  Python기반 사내 시스템 프로그램 개발자 경력 2년 이상의 전체 세부 정보,트렌드헌터,서울 강남구,https://kr.indeed.com/rc/clk?jk=5aa466f05684c38a&fccid=98111c750b99afdc&vjs=3
AI Software Developer - Work in Sweden의 전체 세부 정보,Iknal Semikan,서울,https://kr.indeed.com/rc/clk?jk=e5ba9badbe75af93&fccid=1c1f99bc5683e9f2&vjs=3
[외국계 스타트업 미소] Business Analyst의 전체 세부 정보,유한회사 미소,서울,https://kr.indeed.com/rc/clk?jk=51df90967b46e8f0&fccid=02936474a8d39137&vjs=3
임상 통계 연구원의 전체 세부 정보,뉴로핏,서울 강남구,https://kr.indeed.com/rc/clk?jk=65600af2591a30eb&fccid=23cbc8f59060f439&vjs=3
Application Engineer의 전체 세부 정보,ROHDE & SCHWARZ GmbH & Co. KG,서울,https://kr.indeed.com/rc/clk?jk=4da03a577ede74f8&fccid=b5c03f369c8d2b82&vjs=3
[포티투마루] 인공지능(AI) 챗봇사업부 전 직군의 전체 세부 정보,포티투마루,서울 서초구,https://kr.indeed.com/rc/clk?jk=a92b737cbbdf425f&fccid=b6cebf2e7d619f07&vjs=3
Machine Learning R&D 연구원의 전체 세부 정보,카이어,서울 서초구,https://kr.indeed.com/rc/clk?jk=19da3484bd7a72f1&fccid=908ef26c4dd7595f&vjs=3
한국행동과학연구소 전산직의 전체 세부 정보,한국행동과학연구소,서울 강남구,https://kr.indeed.com/rc/clk?jk=a4fd1b3afc25a790&fccid=bfea989faf5bd4e4&vjs=3
Software Engineer  People with Disabilities (장애인 )의 전체 세부 정보,구글코리아,서울 강남구,https://kr.indeed.com/rc/clk?jk=5f2c5374f0e41ae5&fccid=28712efe9a7c8d8a&vjs=3
한국제약바이오협회 인공지능(AI)신약개발지원센터의 전체 세부 정보,한국제약바이오협회,서울 서초구,https://kr.indeed.com/rc/clk?jk=1cba249a2537932a&fccid=4f24ccf025b836ae&vjs=3
개발자 (연봉 4 000 ~ 5 000 협의)의 전체 세부 정보,볼트시뮬레이션,서울 서초구,https://kr.indeed.com/rc/clk?jk=61f60099aa6c9fc7&fccid=6661b32a113bc270&vjs=3
업계 최고 대우로 파이썬(Python) 개발자.의 전체 세부 정보,쿼드마이너,서울 강남구,https://kr.indeed.com/rc/clk?jk=21be7c7bba853941&fccid=4689e54333c19a95&vjs=3
AI 비전엔지니어부문 인재의 전체 세부 정보,신세계아이앤씨,서울 중구,https://kr.indeed.com/rc/clk?jk=7fdb743a06f60d24&fccid=7009e9adee12ff99&vjs=3
Analyst CORE/SRE의 전체 세부 정보,M-DAQ,서울,https://kr.indeed.com/rc/clk?jk=70e2ddbf06317d2c&fccid=1dc02d2a120596f1&vjs=3
[글로벌디지털마케팅] 데이터 분석 신입/경력 정규직의 전체 세부 정보,콘센트릭스서비스코리아,서울 강남구,https://kr.indeed.com/rc/clk?jk=7d0b292ab58142e6&fccid=7789b87d5d996c4a&vjs=3
PE Product Engineering의 전체 세부 정보,Rambus,서울,https://kr.indeed.com/rc/clk?jk=b2ad13f7ea161d7f&fccid=fb77a1f45623e35e&vjs=3
레드팀 스페셜리스트[경력]의 전체 세부 정보,현대자동차그룹,서울 강남구,https://kr.indeed.com/rc/clk?jk=85cbd6cbf5702bf1&fccid=980d6ecc399a3373&vjs=3
[전문연구요원] 의료영상 리서치 엔지니어 정규직의 전체 세부 정보,메디픽셀,서울 마포구,https://kr.indeed.com/rc/clk?jk=3544467a7b64376f&fccid=aba88c202493b8a5&vjs=3
Infra Engineering[책임매니저(G4)]의 전체 세부 정보,현대자동차그룹,서울 양재역,https://kr.indeed.com/rc/clk?jk=4fbc9e8cee784eb8&fccid=980d6ecc399a3373&vjs=3
[데브시스터즈] Data Analyst (Junior)의 전체 세부 정보,데브시스터즈,서울 강남구,https://kr.indeed.com/rc/clk?jk=ed5cc140dc878d55&fccid=58a9a803698a0afd&vjs=3
阿里云智能 Technical Account Manager South Korea의 전체 세부 정보,Alibaba,서울,https://kr.indeed.com/rc/clk?jk=b0edfe7a46561316&fccid=4e75c921d3645259&vjs=3
웹개발  백엔드 외 신입/경력 정규직의 전체 세부 정보,코인챗,서울 강남구,https://kr.indeed.com/rc/clk?jk=e3f3b7e2103d9bc7&fccid=e60f835b4d91f8e6&vjs=3
Korean Speaking Mentors (Independent Contractor): AI Programming with Python Mentor & Project Reviewer의 전체 세부 정보,Udacity,서울,https://kr.indeed.com/rc/clk?jk=f0d5f3fa633e9016&fccid=1503f9b2e8718009&vjs=3
Machine Learning Engineer - Korea의 전체 세부 정보,MOLOCO,서울,https://kr.indeed.com/rc/clk?jk=99b17cdf7773a816&fccid=27317bcae2b26fe5&vjs=3
Technical Sales Representative – Korea의 전체 세부 정보,LUCID Vision Labs,대한민국,https://kr.indeed.com/rc/clk?jk=e54dfb952fa97fc6&fccid=7981d861c3c6e79b&vjs=3
Python Developer,lemon.io,Latin America Only/Europe Only/Canada Only,https://weworkremotely.com/remote-jobs/lemon-io-python-developer-3
Senior Open Source Developer & DevOps (Python  Django  React  AWS/OpenStack),OpenCraft,Anywhere in the World,https://weworkremotely.com/remote-jobs/opencraft-senior-open-source-developer-devops-python-django-react-aws-openstack
Sr Python Developer,Solar Monkey,Anywhere in the World,https://weworkremotely.com/remote-jobs/solar-monkey-sr-python-developer
Senior Python Engineer: Long-term job - 100% remote,Proxify AB,Anywhere in the World,https://weworkremotely.com/remote-jobs/proxify-ab-senior-python-engineer-long-term-job-100-remote
Senior Full-stack Engineer with Python,NannyML,Anywhere in the World,https://weworkremotely.com/remote-jobs/nannyml-senior-full-stack-engineer-with-python
(Senior) Python Full Stack Software Developer,Optimile,Europe Only,https://weworkremotely.com/remote-jobs/optimile-senior-python-full-stack-software-developer
Senior Software Engineer  Python,AssemblyAI (YC 17),Anywhere in the World,https://weworkremotely.com/remote-jobs/assemblyai-yc-17-senior-software-engineer-python
Senior Python Developer - Full Remote ,Ebury,Latin America Only/Europe Only,https://weworkremotely.com/remote-jobs/ebury-senior-python-developer-full-remote-1
Python Developer - Remote,UpStack Technologies  Inc.,Americas Only/Europe Only,https://weworkremotely.com/remote-jobs/upstack-technologies-inc-python-developer-remote
Python Platform Engineer,Doximity,Americas Only,https://weworkremotely.com/remote-jobs/doximity-python-platform-engineer
